{"Version":1,"ManifestType":"Publish","Endpoints":[{"Route":"css/site.87a36etmrd.css","AssetFile":"css/site.css.gz","Selectors":[{"Name":"Content-Encoding","Value":"gzip","Quality":"0.000235849057"}],"ResponseHeaders":[{"Name":"Cache-Control","Value":"max-age=31536000, immutable"},{"Name":"Content-Encoding","Value":"gzip"},{"Name":"Content-Length","Value":"4239"},{"Name":"Content-Type","Value":"text/css"},{"Name":"ETag","Value":"\"A7fq9T0AI3+fzYajsXUAaUQvrZkqSNzxYROMXLP6Jvo=\""},{"Name":"ETag","Value":"W/\"nJsxFhxoDlKLa1bTxt+O901lOoBzw0OttdGHDiQjc60=\""},{"Name":"Last-Modified","Value":"Mon, 29 Dec 2025 20:09:25 GMT"},{"Name":"Vary","Value":"Accept-Encoding"}],"EndpointProperties":[{"Name":"fingerprint","Value":"87a36etmrd"},{"Name":"integrity","Value":"sha256-nJsxFhxoDlKLa1bTxt+O901lOoBzw0OttdGHDiQjc60="},{"Name":"label","Value":"css/site.css"}]},{"Route":"css/site.87a36etmrd.css","AssetFile":"css/site.css.br","Selectors":[{"Name":"Content-Encoding","Value":"br","Quality":"0.000279563880"}],"ResponseHeaders":[{"Name":"Cache-Control","Value":"max-age=31536000, immutable"},{"Name":"Content-Encoding","Value":"br"},{"Name":"Content-Length","Value":"3576"},{"Name":"Content-Type","Value":"text/css"},{"Name":"ETag","Value":"\"4cOuxxa6ixVG6if+mSWDEZNyLYBqSXOibXYfGnuHm6o=\""},{"Name":"ETag","Value":"W/\"nJsxFhxoDlKLa1bTxt+O901lOoBzw0OttdGHDiQjc60=\""},{"Name":"Last-Modified","Value":"Mon, 29 Dec 2025 20:09:25 GMT"},{"Name":"Vary","Value":"Accept-Encoding"}],"EndpointProperties":[{"Name":"fingerprint","Value":"87a36etmrd"},{"Name":"integrity","Value":"sha256-nJsxFhxoDlKLa1bTxt+O901lOoBzw0OttdGHDiQjc60="},{"Name":"label","Value":"css/site.css"}]},{"Route":"css/site.87a36etmrd.css","AssetFile":"css/site.css","Selectors":[],"ResponseHeaders":[{"Name":"Cache-Control","Value":"max-age=31536000, immutable"},{"Name":"Content-Length","Value":"22966"},{"Name":"Content-Type","Value":"text/css"},{"Name":"ETag","Value":"\"nJsxFhxoDlKLa1bTxt+O901lOoBzw0OttdGHDiQjc60=\""},{"Name":"Last-Modified","Value":"Mon, 29 Dec 2025 18:16:39 GMT"},{"Name":"Vary","Value":"Accept-Encoding"}],"EndpointProperties":[{"Name":"fingerprint","Value":"87a36etmrd"},{"Name":"integrity","Value":"sha256-nJsxFhxoDlKLa1bTxt+O901lOoBzw0OttdGHDiQjc60="},{"Name":"label","Value":"css/site.css"}]},{"Route":"css/site.87a36etmrd.css.br","AssetFile":"css/site.css.br","Selectors":[],"ResponseHeaders":[{"Name":"Cache-Control","Value":"max-age=31536000, immutable"},{"Name":"Content-Encoding","Value":"br"},{"Name":"Content-Length","Value":"3576"},{"Name":"Content-Type","Value":"text/css"},{"Name":"ETag","Value":"\"4cOuxxa6ixVG6if+mSWDEZNyLYBqSXOibXYfGnuHm6o=\""},{"Name":"Last-Modified","Value":"Mon, 29 Dec 2025 20:09:25 GMT"},{"Name":"Vary","Value":"Accept-Encoding"}],"EndpointProperties":[{"Name":"fingerprint","Value":"87a36etmrd"},{"Name":"integrity","Value":"sha256-4cOuxxa6ixVG6if+mSWDEZNyLYBqSXOibXYfGnuHm6o="},{"Name":"label","Value":"css/site.css.br"}]},{"Route":"css/site.87a36etmrd.css.gz","AssetFile":"css/site.css.gz","Selectors":[],"ResponseHeaders":[{"Name":"Cache-Control","Value":"max-age=31536000, immutable"},{"Name":"Content-Encoding","Value":"gzip"},{"Name":"Content-Length","Value":"4239"},{"Name":"Content-Type","Value":"text/css"},{"Name":"ETag","Value":"\"A7fq9T0AI3+fzYajsXUAaUQvrZkqSNzxYROMXLP6Jvo=\""},{"Name":"Last-Modified","Value":"Mon, 29 Dec 2025 20:09:25 GMT"},{"Name":"Vary","Value":"Accept-Encoding"}],"EndpointProperties":[{"Name":"fingerprint","Value":"87a36etmrd"},{"Name":"integrity","Value":"sha256-A7fq9T0AI3+fzYajsXUAaUQvrZkqSNzxYROMXLP6Jvo="},{"Name":"label","Value":"css/site.css.gz"}]},{"Route":"css/site.css","AssetFile":"css/site.css.gz","Selectors":[{"Name":"Content-Encoding","Value":"gzip","Quality":"0.000235849057"}],"ResponseHeaders":[{"Name":"Cache-Control","Value":"no-cache"},{"Name":"Content-Encoding","Value":"gzip"},{"Name":"Content-Length","Value":"4239"},{"Name":"Content-Type","Value":"text/css"},{"Name":"ETag","Value":"\"A7fq9T0AI3+fzYajsXUAaUQvrZkqSNzxYROMXLP6Jvo=\""},{"Name":"ETag","Value":"W/\"nJsxFhxoDlKLa1bTxt+O901lOoBzw0OttdGHDiQjc60=\""},{"Name":"Last-Modified","Value":"Mon, 29 Dec 2025 20:09:25 GMT"},{"Name":"Vary","Value":"Accept-Encoding"}],"EndpointProperties":[{"Name":"integrity","Value":"sha256-nJsxFhxoDlKLa1bTxt+O901lOoBzw0OttdGHDiQjc60="}]},{"Route":"css/site.css","AssetFile":"css/site.css.br","Selectors":[{"Name":"Content-Encoding","Value":"br","Quality":"0.000279563880"}],"ResponseHeaders":[{"Name":"Cache-Control","Value":"no-cache"},{"Name":"Content-Encoding","Value":"br"},{"Name":"Content-Length","Value":"3576"},{"Name":"Content-Type","Value":"text/css"},{"Name":"ETag","Value":"\"4cOuxxa6ixVG6if+mSWDEZNyLYBqSXOibXYfGnuHm6o=\""},{"Name":"ETag","Value":"W/\"nJsxFhxoDlKLa1bTxt+O901lOoBzw0OttdGHDiQjc60=\""},{"Name":"Last-Modified","Value":"Mon, 29 Dec 2025 20:09:25 GMT"},{"Name":"Vary","Value":"Accept-Encoding"}],"EndpointProperties":[{"Name":"integrity","Value":"sha256-nJsxFhxoDlKLa1bTxt+O901lOoBzw0OttdGHDiQjc60="}]},{"Route":"css/site.css","AssetFile":"css/site.css","Selectors":[],"ResponseHeaders":[{"Name":"Cache-Control","Value":"no-cache"},{"Name":"Content-Length","Value":"22966"},{"Name":"Content-Type","Value":"text/css"},{"Name":"ETag","Value":"\"nJsxFhxoDlKLa1bTxt+O901lOoBzw0OttdGHDiQjc60=\""},{"Name":"Last-Modified","Value":"Mon, 29 Dec 2025 18:16:39 GMT"},{"Name":"Vary","Value":"Accept-Encoding"}],"EndpointProperties":[{"Name":"integrity","Value":"sha256-nJsxFhxoDlKLa1bTxt+O901lOoBzw0OttdGHDiQjc60="}]},{"Route":"css/site.css.br","AssetFile":"css/site.css.br","Selectors":[],"ResponseHeaders":[{"Name":"Cache-Control","Value":"no-cache"},{"Name":"Content-Encoding","Value":"br"},{"Name":"Content-Length","Value":"3576"},{"Name":"Content-Type","Value":"text/css"},{"Name":"ETag","Value":"\"4cOuxxa6ixVG6if+mSWDEZNyLYBqSXOibXYfGnuHm6o=\""},{"Name":"Last-Modified","Value":"Mon, 29 Dec 2025 20:09:25 GMT"},{"Name":"Vary","Value":"Accept-Encoding"}],"EndpointProperties":[{"Name":"integrity","Value":"sha256-4cOuxxa6ixVG6if+mSWDEZNyLYBqSXOibXYfGnuHm6o="}]},{"Route":"css/site.css.gz","AssetFile":"css/site.css.gz","Selectors":[],"ResponseHeaders":[{"Name":"Cache-Control","Value":"no-cache"},{"Name":"Content-Encoding","Value":"gzip"},{"Name":"Content-Length","Value":"4239"},{"Name":"Content-Type","Value":"text/css"},{"Name":"ETag","Value":"\"A7fq9T0AI3+fzYajsXUAaUQvrZkqSNzxYROMXLP6Jvo=\""},{"Name":"Last-Modified","Value":"Mon, 29 Dec 2025 20:09:25 GMT"},{"Name":"Vary","Value":"Accept-Encoding"}],"EndpointProperties":[{"Name":"integrity","Value":"sha256-A7fq9T0AI3+fzYajsXUAaUQvrZkqSNzxYROMXLP6Jvo="}]},{"Route":"js/site.js","AssetFile":"js/site.js.gz","Selectors":[{"Name":"Content-Encoding","Value":"gzip","Quality":"0.001633986928"}],"ResponseHeaders":[{"Name":"Cache-Control","Value":"no-cache"},{"Name":"Content-Encoding","Value":"gzip"},{"Name":"Content-Length","Value":"611"},{"Name":"Content-Type","Value":"text/javascript"},{"Name":"ETag","Value":"\"F8ljLo+Stu+WNrxd+6trgU2Oyd9NrgF8ak+wEadULlI=\""},{"Name":"ETag","Value":"W/\"ZUBDAk+c0JusGafvHMgR+m4v8hcn++pygdpD7xCK5D0=\""},{"Name":"Last-Modified","Value":"Mon, 29 Dec 2025 20:09:25 GMT"},{"Name":"Vary","Value":"Accept-Encoding"}],"EndpointProperties":[{"Name":"integrity","Value":"sha256-ZUBDAk+c0JusGafvHMgR+m4v8hcn++pygdpD7xCK5D0="}]},{"Route":"js/site.js","AssetFile":"js/site.js.br","Selectors":[{"Name":"Content-Encoding","Value":"br","Quality":"0.002066115702"}],"ResponseHeaders":[{"Name":"Cache-Control","Value":"no-cache"},{"Name":"Content-Encoding","Value":"br"},{"Name":"Content-Length","Value":"483"},{"Name":"Content-Type","Value":"text/javascript"},{"Name":"ETag","Value":"\"I4f20J+p7NEQsfr5d5s304THaFJlP8HayKM03pc3cDo=\""},{"Name":"ETag","Value":"W/\"ZUBDAk+c0JusGafvHMgR+m4v8hcn++pygdpD7xCK5D0=\""},{"Name":"Last-Modified","Value":"Mon, 29 Dec 2025 20:09:25 GMT"},{"Name":"Vary","Value":"Accept-Encoding"}],"EndpointProperties":[{"Name":"integrity","Value":"sha256-ZUBDAk+c0JusGafvHMgR+m4v8hcn++pygdpD7xCK5D0="}]},{"Route":"js/site.js","AssetFile":"js/site.js","Selectors":[],"ResponseHeaders":[{"Name":"Cache-Control","Value":"no-cache"},{"Name":"Content-Length","Value":"1784"},{"Name":"Content-Type","Value":"text/javascript"},{"Name":"ETag","Value":"\"ZUBDAk+c0JusGafvHMgR+m4v8hcn++pygdpD7xCK5D0=\""},{"Name":"Last-Modified","Value":"Tue, 18 Nov 2025 18:32:46 GMT"},{"Name":"Vary","Value":"Accept-Encoding"}],"EndpointProperties":[{"Name":"integrity","Value":"sha256-ZUBDAk+c0JusGafvHMgR+m4v8hcn++pygdpD7xCK5D0="}]},{"Route":"js/site.js.br","AssetFile":"js/site.js.br","Selectors":[],"ResponseHeaders":[{"Name":"Cache-Control","Value":"no-cache"},{"Name":"Content-Encoding","Value":"br"},{"Name":"Content-Length","Value":"483"},{"Name":"Content-Type","Value":"text/javascript"},{"Name":"ETag","Value":"\"I4f20J+p7NEQsfr5d5s304THaFJlP8HayKM03pc3cDo=\""},{"Name":"Last-Modified","Value":"Mon, 29 Dec 2025 20:09:25 GMT"},{"Name":"Vary","Value":"Accept-Encoding"}],"EndpointProperties":[{"Name":"integrity","Value":"sha256-I4f20J+p7NEQsfr5d5s304THaFJlP8HayKM03pc3cDo="}]},{"Route":"js/site.js.gz","AssetFile":"js/site.js.gz","Selectors":[],"ResponseHeaders":[{"Name":"Cache-Control","Value":"no-cache"},{"Name":"Content-Encoding","Value":"gzip"},{"Name":"Content-Length","Value":"611"},{"Name":"Content-Type","Value":"text/javascript"},{"Name":"ETag","Value":"\"F8ljLo+Stu+WNrxd+6trgU2Oyd9NrgF8ak+wEadULlI=\""},{"Name":"Last-Modified","Value":"Mon, 29 Dec 2025 20:09:25 GMT"},{"Name":"Vary","Value":"Accept-Encoding"}],"EndpointProperties":[{"Name":"integrity","Value":"sha256-F8ljLo+Stu+WNrxd+6trgU2Oyd9NrgF8ak+wEadULlI="}]},{"Route":"js/site.z2fl0s98iu.js","AssetFile":"js/site.js.gz","Selectors":[{"Name":"Content-Encoding","Value":"gzip","Quality":"0.001633986928"}],"ResponseHeaders":[{"Name":"Cache-Control","Value":"max-age=31536000, immutable"},{"Name":"Content-Encoding","Value":"gzip"},{"Name":"Content-Length","Value":"611"},{"Name":"Content-Type","Value":"text/javascript"},{"Name":"ETag","Value":"\"F8ljLo+Stu+WNrxd+6trgU2Oyd9NrgF8ak+wEadULlI=\""},{"Name":"ETag","Value":"W/\"ZUBDAk+c0JusGafvHMgR+m4v8hcn++pygdpD7xCK5D0=\""},{"Name":"Last-Modified","Value":"Mon, 29 Dec 2025 20:09:25 GMT"},{"Name":"Vary","Value":"Accept-Encoding"}],"EndpointProperties":[{"Name":"fingerprint","Value":"z2fl0s98iu"},{"Name":"integrity","Value":"sha256-ZUBDAk+c0JusGafvHMgR+m4v8hcn++pygdpD7xCK5D0="},{"Name":"label","Value":"js/site.js"}]},{"Route":"js/site.z2fl0s98iu.js","AssetFile":"js/site.js.br","Selectors":[{"Name":"Content-Encoding","Value":"br","Quality":"0.002066115702"}],"ResponseHeaders":[{"Name":"Cache-Control","Value":"max-age=31536000, immutable"},{"Name":"Content-Encoding","Value":"br"},{"Name":"Content-Length","Value":"483"},{"Name":"Content-Type","Value":"text/javascript"},{"Name":"ETag","Value":"\"I4f20J+p7NEQsfr5d5s304THaFJlP8HayKM03pc3cDo=\""},{"Name":"ETag","Value":"W/\"ZUBDAk+c0JusGafvHMgR+m4v8hcn++pygdpD7xCK5D0=\""},{"Name":"Last-Modified","Value":"Mon, 29 Dec 2025 20:09:25 GMT"},{"Name":"Vary","Value":"Accept-Encoding"}],"EndpointProperties":[{"Name":"fingerprint","Value":"z2fl0s98iu"},{"Name":"integrity","Value":"sha256-ZUBDAk+c0JusGafvHMgR+m4v8hcn++pygdpD7xCK5D0="},{"Name":"label","Value":"js/site.js"}]},{"Route":"js/site.z2fl0s98iu.js","AssetFile":"js/site.js","Selectors":[],"ResponseHeaders":[{"Name":"Cache-Control","Value":"max-age=31536000, immutable"},{"Name":"Content-Length","Value":"1784"},{"Name":"Content-Type","Value":"text/javascript"},{"Name":"ETag","Value":"\"ZUBDAk+c0JusGafvHMgR+m4v8hcn++pygdpD7xCK5D0=\""},{"Name":"Last-Modified","Value":"Tue, 18 Nov 2025 18:32:46 GMT"},{"Name":"Vary","Value":"Accept-Encoding"}],"EndpointProperties":[{"Name":"fingerprint","Value":"z2fl0s98iu"},{"Name":"integrity","Value":"sha256-ZUBDAk+c0JusGafvHMgR+m4v8hcn++pygdpD7xCK5D0="},{"Name":"label","Value":"js/site.js"}]},{"Route":"js/site.z2fl0s98iu.js.br","AssetFile":"js/site.js.br","Selectors":[],"ResponseHeaders":[{"Name":"Cache-Control","Value":"max-age=31536000, immutable"},{"Name":"Content-Encoding","Value":"br"},{"Name":"Content-Length","Value":"483"},{"Name":"Content-Type","Value":"text/javascript"},{"Name":"ETag","Value":"\"I4f20J+p7NEQsfr5d5s304THaFJlP8HayKM03pc3cDo=\""},{"Name":"Last-Modified","Value":"Mon, 29 Dec 2025 20:09:25 GMT"},{"Name":"Vary","Value":"Accept-Encoding"}],"EndpointProperties":[{"Name":"fingerprint","Value":"z2fl0s98iu"},{"Name":"integrity","Value":"sha256-I4f20J+p7NEQsfr5d5s304THaFJlP8HayKM03pc3cDo="},{"Name":"label","Value":"js/site.js.br"}]},{"Route":"js/site.z2fl0s98iu.js.gz","AssetFile":"js/site.js.gz","Selectors":[],"ResponseHeaders":[{"Name":"Cache-Control","Value":"max-age=31536000, immutable"},{"Name":"Content-Encoding","Value":"gzip"},{"Name":"Content-Length","Value":"611"},{"Name":"Content-Type","Value":"text/javascript"},{"Name":"ETag","Value":"\"F8ljLo+Stu+WNrxd+6trgU2Oyd9NrgF8ak+wEadULlI=\""},{"Name":"Last-Modified","Value":"Mon, 29 Dec 2025 20:09:25 GMT"},{"Name":"Vary","Value":"Accept-Encoding"}],"EndpointProperties":[{"Name":"fingerprint","Value":"z2fl0s98iu"},{"Name":"integrity","Value":"sha256-F8ljLo+Stu+WNrxd+6trgU2Oyd9NrgF8ak+wEadULlI="},{"Name":"label","Value":"js/site.js.gz"}]}]}